{"input_shapes": [[14]], "input_data": [[0.8218564391136169, 0.8032907843589783, 0.497100830078125, 0.11839067935943604, 0.4605000615119934, 0.13859772682189941, 0.7632683515548706, 0.8232674598693848, 0.9135949611663818, 0.9598007202148438, 0.7211831212043762, 0.20311832427978516, 0.3123820424079895, 0.1726754903793335]], "output_data": [[0.7519760131835938]]}
